result,odds-home,odds-draw,odds-away,home-wins,home-draw,home-losses,home-goals,home-opposition-goals,home-shots,home-shots-on-target,home-opposition-shots,home-opposition-shots-on-target,away-wins,away-draw,away-losses,away-goals,away-opposition-goals,away-shots,away-shots-on-target,away-opposition-shots,away-opposition-shots-on-target
H,1.72,3.79,4.5,4,3,3,19,12,84,37,101,45,1,1,8,8,19,95,43,85,49
H,1.28,5.0,11.0,6,1,3,18,14,102,61,78,37,3,3,4,13,15,66,32,84,42
H,2.2,3.2,3.39,5,1,4,15,14,79,32,96,45,3,1,6,10,13,83,35,92,47
H,2.0,3.4,3.7,2,4,4,11,19,130,41,106,56,1,5,4,8,12,97,35,103,36
H,2.39,3.2,3.0,1,4,5,9,15,66,32,120,66,4,2,4,13,13,79,34,85,40
H,7.5,3.79,1.5,3,4,3,12,11,82,43,82,41,7,1,2,26,7,125,64,71,31
H,1.75,4.2,3.8,4,4,2,16,8,131,58,100,37,2,1,7,13,22,158,48,143,50
H,2.54,3.2,2.75,2,1,7,12,24,78,39,95,47,5,1,4,17,17,88,44,96,48
H,1.44,4.33,7.0,3,4,3,8,9,74,40,72,38,1,1,8,3,23,79,32,102,58
H,2.37,3.25,3.0,4,2,4,12,8,97,40,88,26,4,3,3,15,13,106,51,102,43
H,1.18,6.5,15.0,7,1,2,19,7,128,53,79,41,3,0,7,12,25,71,28,96,54
H,1.72,3.4,5.25,2,5,3,12,12,113,39,115,45,6,1,3,14,8,100,40,133,46
H,1.57,4.0,5.75,5,2,3,17,15,154,57,131,59,2,3,5,10,20,109,36,144,52
H,1.61,4.0,5.0,1,6,3,11,15,141,41,140,43,6,2,2,18,9,94,33,122,39
H,1.28,5.0,11.0,5,3,2,20,10,98,45,74,35,2,5,3,12,11,91,42,87,39
H,3.39,3.1,2.25,6,2,2,20,10,111,75,85,37,7,2,1,24,9,145,78,73,39
H,2.25,3.5,3.0,3,2,5,15,18,89,38,99,49,2,2,6,8,14,87,35,99,52
H,1.9,3.4,4.0,4,1,5,19,18,141,53,116,45,3,3,4,14,16,81,32,116,45
H,3.5,3.4,2.04,4,1,5,11,13,97,41,101,27,6,3,1,23,13,135,56,99,44
H,1.33,5.0,9.0,5,1,4,19,17,96,55,76,37,5,2,3,16,14,91,48,106,42
H,1.22,5.5,15.0,7,2,1,21,7,105,60,80,36,0,1,9,3,18,93,35,82,44
H,2.37,3.2,3.0,4,3,3,7,7,79,38,69,35,4,3,3,10,14,88,43,98,51
H,1.44,4.5,6.5,7,1,2,19,10,104,47,80,34,2,3,5,10,16,78,37,127,47
H,1.75,3.6,4.5,6,0,4,22,19,142,56,153,55,3,2,5,13,15,108,46,125,40
H,1.36,5.0,7.5,8,1,1,26,9,118,59,85,44,3,0,7,8,14,82,32,83,34
H,1.44,4.5,6.5,5,4,1,25,18,141,66,109,42,2,3,5,11,14,105,27,108,44
H,2.4,3.3,2.9,5,2,3,15,12,130,51,96,36,4,4,2,17,14,142,45,102,33
H,2.39,3.2,3.0,1,2,7,6,19,55,26,92,41,4,4,2,16,12,82,41,92,42
H,1.85,3.75,3.8,1,3,6,11,15,130,41,136,42,2,1,7,10,18,125,45,157,52
H,2.3,3.25,3.1,6,3,1,14,4,120,41,110,25,5,3,2,19,13,145,56,96,43
H,1.66,3.75,5.0,3,4,3,13,11,104,48,101,61,3,2,5,11,19,72,27,95,44
H,1.33,5.25,8.0,7,2,1,21,8,92,55,68,30,2,2,6,12,21,69,37,90,40
H,2.45,3.25,2.87,2,3,5,10,19,82,42,108,58,4,3,3,7,7,77,37,71,36
H,1.44,3.8,9.0,7,3,0,20,6,153,59,132,45,2,5,3,9,10,80,32,123,37
H,1.18,7.5,12.0,7,1,2,17,10,87,49,84,39,5,2,3,19,15,92,42,124,64
H,2.0,3.4,3.75,2,2,6,11,21,115,44,134,55,1,4,5,11,14,137,43,124,40
H,2.2,3.5,3.1,2,3,5,8,14,83,37,80,34,2,0,8,9,25,73,23,91,57
H,3.6,3.3,2.04,4,3,3,14,12,122,41,116,49,7,1,2,18,10,120,45,91,28
H,2.75,3.29,2.5,2,1,7,7,18,65,28,83,40,4,3,3,13,8,68,32,97,44
H,2.54,3.6,2.54,4,2,4,21,17,180,60,159,50,4,3,3,16,11,135,49,110,37
H,1.95,3.29,4.0,2,4,4,10,13,62,33,104,51,4,3,3,14,11,80,41,84,35
H,3.39,3.29,2.14,5,1,4,17,19,91,46,100,52,6,3,1,18,9,83,43,97,44
H,2.39,3.25,2.89,4,3,3,13,14,69,45,107,51,4,3,3,12,14,88,40,92,44
H,2.3,3.4,3.0,5,3,2,19,11,108,36,124,41,3,1,6,9,11,112,36,117,38
H,2.29,3.29,3.1,4,2,4,16,17,93,56,103,47,0,4,6,7,19,53,27,99,49
H,1.95,3.4,3.9,2,0,8,11,27,87,34,91,55,4,1,5,13,16,92,47,92,47
H,1.16,7.5,13.0,8,0,2,20,7,120,50,85,37,4,3,3,14,14,74,47,98,54
H,2.39,3.39,2.79,5,2,3,20,18,103,56,104,43,4,2,4,15,17,83,43,90,40
H,1.66,3.5,5.5,2,3,5,11,19,81,43,86,38,2,2,6,11,17,90,42,77,40
H,1.25,6.0,10.0,6,2,2,19,9,139,70,70,37,3,1,6,14,17,99,50,76,49
H,1.9,3.5,4.0,3,1,6,13,15,97,50,66,40,4,3,3,15,12,78,45,91,40
H,2.45,3.29,2.87,2,2,6,9,18,55,27,109,52,4,3,3,13,12,74,38,93,41
H,1.44,4.5,6.5,5,4,1,18,13,161,55,116,51,1,6,3,13,16,112,41,167,59
H,1.22,6.5,11.0,7,0,3,30,10,119,58,70,30,2,4,4,10,13,74,36,111,57
H,2.1,3.3,3.5,2,3,5,11,17,82,30,114,45,3,2,5,9,19,106,37,159,56
H,2.4,3.3,2.87,3,4,3,16,15,131,50,117,51,2,4,4,9,13,135,40,129,47
H,2.2,3.4,3.2,7,3,0,30,14,124,64,115,39,8,2,0,21,5,156,57,132,42
H,1.25,5.5,12.0,6,0,4,22,17,119,58,78,41,3,3,4,13,16,86,46,104,54
H,2.2,3.4,3.2,1,3,6,7,11,117,38,100,42,4,4,2,16,12,154,45,122,36
H,2.04,4.0,3.1,4,4,2,17,12,90,51,61,35,4,1,5,12,17,103,50,85,43
H,2.5,3.2,2.87,1,2,7,5,22,105,32,167,63,2,4,4,13,15,122,33,108,36
H,2.37,3.2,3.1,1,5,4,6,10,125,37,106,39,6,0,4,13,9,105,41,114,29
H,1.3,5.5,9.0,4,4,2,18,16,172,64,117,53,2,1,7,8,25,109,35,153,53
H,3.5,3.25,2.1,2,2,6,9,18,99,31,138,54,5,3,2,14,8,164,53,113,35
H,1.95,3.4,3.9,7,3,0,19,5,134,59,125,40,3,5,2,15,15,149,46,86,37
H,2.55,3.6,2.5,2,2,6,11,24,114,36,146,53,2,2,6,9,21,122,42,131,52
H,1.8,3.75,4.2,4,4,2,13,9,112,45,88,44,6,2,2,19,12,102,58,66,32
H,1.22,5.75,13.0,3,5,2,14,10,117,43,76,43,4,1,5,16,13,78,42,89,47
H,1.18,7.0,13.0,7,1,2,25,9,101,54,85,41,3,1,6,8,16,69,28,83,39
H,5.0,3.6,1.7,2,4,4,10,13,101,40,129,41,9,0,1,24,9,115,47,84,32
H,3.5,3.4,2.05,2,4,4,8,16,102,36,128,48,3,5,2,15,14,146,46,120,38
H,1.45,4.75,6.0,3,5,2,16,14,145,46,91,36,4,1,5,19,18,139,52,119,47
H,2.0,3.39,3.75,4,2,4,14,15,67,41,95,48,2,3,5,9,14,80,46,83,46
H,2.2,3.25,3.3,3,3,4,11,9,89,39,78,24,3,2,5,13,16,100,45,90,44
H,1.53,3.8,6.5,4,3,3,19,14,135,50,119,41,2,6,2,11,11,139,40,75,31
H,1.4,5.0,6.5,8,0,2,23,8,127,56,82,38,2,3,5,10,17,78,41,110,45
H,2.29,3.29,3.1,0,4,6,6,19,53,25,102,51,2,4,4,11,14,69,31,108,53
H,1.12,9.0,17.0,8,1,1,25,6,112,62,65,29,3,3,4,11,13,91,44,77,34
H,1.8,3.75,4.2,6,1,3,23,7,120,63,68,26,6,2,2,15,9,89,55,94,37
H,2.37,3.3,2.9,2,3,5,9,14,118,46,98,32,2,4,4,13,20,145,39,126,56
H,1.57,3.8,6.0,4,4,2,11,9,102,28,121,34,4,3,3,8,7,87,34,136,33
H,1.95,3.29,4.0,3,4,3,11,11,70,37,86,40,4,2,4,14,16,88,50,98,53
H,1.9,3.5,3.89,2,2,6,8,15,98,37,96,52,1,0,9,8,20,94,42,80,46
H,1.9,3.6,3.75,4,1,5,17,15,77,42,100,51,2,3,5,13,18,58,30,87,43
H,1.28,5.75,8.5,5,4,1,18,8,138,59,73,41,4,2,4,16,17,92,53,104,48
H,3.0,3.2,2.4,1,3,6,7,14,114,39,145,46,4,4,2,14,8,135,57,100,38
H,2.0,3.29,3.79,5,2,3,18,16,90,47,103,43,3,2,5,10,13,99,40,87,44
H,2.1,3.25,3.5,3,5,2,13,9,85,41,79,31,4,4,2,13,11,77,46,104,43
H,1.72,3.6,4.75,2,5,3,14,17,147,45,131,43,2,1,7,8,12,116,30,106,42
H,1.33,5.75,7.5,4,3,3,16,13,82,38,107,57,1,0,9,5,33,71,31,122,71
H,3.25,3.5,2.1,1,3,6,7,22,108,33,144,50,5,3,2,17,10,140,59,96,38
H,2.9,3.25,2.4,2,2,6,11,19,115,44,131,45,5,0,5,12,12,98,39,104,28
H,1.65,3.75,5.25,6,3,1,17,10,152,49,134,47,3,1,6,11,17,100,33,145,54
H,1.83,4.0,3.75,5,1,4,20,15,124,60,117,49,6,0,4,23,20,130,52,155,63
H,2.2,3.39,3.2,4,2,4,18,17,87,37,122,60,1,2,7,6,16,66,33,92,55
H,1.4,4.5,7.5,7,1,2,20,10,112,48,89,31,3,2,5,13,19,86,45,109,50
H,1.25,5.75,11.0,9,0,1,18,6,103,50,69,27,3,3,4,14,15,103,52,69,37
H,1.5,4.2,6.25,4,3,3,19,16,156,59,126,58,2,2,6,9,14,115,40,144,44
H,4.75,3.5,1.75,2,3,5,11,15,103,52,83,34,8,1,1,24,8,121,58,90,40
H,1.28,5.5,10.0,4,3,3,15,12,81,43,95,41,1,1,8,5,33,75,32,123,70
H,2.37,3.2,3.0,2,1,7,8,13,109,30,107,42,3,4,3,12,8,134,55,87,34
H,4.0,3.6,1.85,2,1,7,10,19,98,53,85,52,6,2,2,19,7,116,74,81,35
H,2.3,3.1,3.3,5,1,4,12,10,93,36,134,48,3,3,4,9,11,111,39,104,31
H,2.2,3.1,3.5,5,2,3,11,12,79,42,81,43,3,5,2,12,8,83,43,82,37
H,2.1,3.9,3.0,2,3,5,11,18,73,37,108,46,3,4,3,17,15,103,49,86,39
H,1.28,5.5,9.5,6,2,2,21,9,102,46,74,35,5,2,3,14,14,102,45,70,35
H,1.7,3.6,5.0,5,0,5,12,12,103,39,107,30,1,5,4,12,15,95,36,149,54
H,4.2,3.75,1.8,6,0,4,21,17,101,46,128,64,8,1,1,19,8,94,44,79,33
H,1.22,6.0,13.0,7,2,1,23,6,132,65,68,34,4,2,4,13,14,81,41,72,38
H,1.55,4.33,5.25,9,0,1,22,8,110,49,72,28,7,0,3,23,16,109,47,149,60
H,2.0,3.6,3.5,3,1,6,15,17,78,40,91,46,4,1,5,20,19,88,46,96,53
H,1.57,4.0,5.5,6,2,2,16,11,148,52,138,51,1,3,6,9,19,91,32,132,52
H,3.5,3.4,2.04,3,2,5,12,18,94,37,113,37,2,5,3,10,13,143,41,146,46
H,1.85,3.4,4.33,4,3,3,14,14,153,52,112,50,3,4,3,12,9,113,34,108,35
H,1.85,3.6,4.0,4,5,1,14,11,140,51,172,47,3,4,3,15,15,87,32,121,46
H,1.08,10.0,23.0,5,1,4,22,18,108,61,105,54,0,0,10,4,31,73,28,112,62
H,2.2,3.1,3.5,5,1,4,10,12,98,39,126,35,5,0,5,13,12,115,45,116,34
H,3.0,3.3,2.35,4,3,3,11,9,122,41,120,42,4,4,2,19,11,126,53,119,48
H,3.4,3.75,2.0,1,1,8,5,25,105,32,161,58,3,1,6,15,18,159,51,158,49
H,1.22,6.0,12.0,6,3,1,19,10,96,47,74,34,1,0,9,7,20,94,39,84,49
H,2.0,3.3,3.75,2,5,3,7,8,122,38,105,36,6,1,3,13,13,98,43,140,43
H,1.1,9.0,21.0,5,4,1,19,9,139,67,73,43,1,1,8,4,19,84,33,94,54
H,2.3,3.4,3.0,2,4,4,11,14,117,31,99,33,6,2,2,18,11,152,50,118,38
H,1.75,3.75,4.33,4,3,3,17,12,133,47,105,41,4,3,3,13,14,126,38,116,36
H,2.87,3.1,2.54,2,3,5,11,18,82,38,103,56,4,4,2,12,10,76,41,81,34
H,1.95,3.5,3.7,4,2,4,23,19,100,51,101,51,3,2,5,13,18,74,28,91,41
D,1.9,3.39,4.0,4,2,4,15,14,89,52,65,34,3,4,3,16,14,96,45,82,36
D,2.87,3.2,2.5,3,1,6,9,20,104,34,162,62,1,5,4,6,14,120,32,65,37
D,1.95,3.5,3.75,1,4,5,11,16,82,27,166,58,5,0,5,11,12,102,36,135,43
D,4.5,3.75,1.72,5,4,1,16,10,98,47,68,32,4,4,2,15,9,119,48,81,43
D,3.7,3.6,1.95,2,1,7,13,21,90,42,78,44,4,4,2,20,15,91,40,71,37
D,2.29,3.1,3.29,3,4,3,15,13,100,50,87,38,2,4,4,11,14,63,32,109,57
D,3.2,3.4,2.2,2,4,4,15,22,134,39,122,58,4,2,4,11,13,133,43,108,47
D,2.0,3.3,3.8,4,3,3,12,11,134,46,88,28,5,3,2,19,11,115,38,130,45
D,1.95,3.6,3.6,2,2,6,11,16,100,26,119,48,1,1,8,10,25,140,46,134,59
D,4.33,3.5,1.83,1,0,9,5,18,89,38,87,49,6,2,2,18,14,93,47,81,39
D,2.37,3.1,3.1,2,4,4,12,17,153,38,120,50,3,4,3,15,14,119,46,104,46
D,2.0,3.5,3.6,3,4,3,14,13,130,38,119,37,7,1,2,17,11,153,54,134,49
D,2.3,3.3,3.1,1,5,4,12,16,103,34,174,62,3,1,6,9,11,101,31,102,35
D,1.75,3.5,4.75,2,5,3,12,15,156,36,120,43,1,4,5,10,15,82,25,152,55
D,3.3,3.6,2.05,1,1,8,10,25,142,41,145,57,5,2,3,19,14,164,61,119,52
D,2.04,3.6,3.29,3,1,6,14,17,96,51,82,51,3,3,4,10,15,72,44,111,60
D,2.79,3.2,2.5,5,3,2,17,13,88,40,87,41,3,3,4,19,23,95,42,96,45
D,5.25,4.0,1.6,1,2,7,7,15,84,29,88,32,8,0,2,28,12,142,65,90,43
D,2.37,3.25,3.0,4,3,3,13,10,107,41,140,47,1,5,4,8,12,79,32,124,38
D,2.55,3.3,2.7,4,1,5,14,23,124,45,165,63,3,2,5,12,13,133,46,146,46
D,1.57,3.75,6.0,0,6,4,5,11,108,30,127,40,5,1,4,13,18,120,42,147,50
D,2.6,3.2,2.75,3,2,5,12,18,91,34,123,42,3,4,3,13,13,107,28,119,41
D,2.0,3.39,3.75,0,4,6,9,21,49,26,102,53,3,2,5,11,19,93,49,106,55
D,3.4,3.3,2.14,1,4,5,9,14,89,33,101,38,8,1,1,24,8,123,52,87,27
D,2.2,3.29,3.29,4,1,5,19,18,95,53,94,52,5,1,4,14,17,83,43,102,52
D,2.1,3.25,3.6,3,2,5,14,19,77,42,86,41,3,2,5,15,20,88,45,102,48
D,2.4,3.4,2.87,7,0,3,20,12,123,49,106,49,7,1,2,23,13,144,61,92,43
D,1.85,3.8,3.8,4,3,3,15,10,128,45,109,37,5,3,2,17,13,160,53,103,45
D,2.0,3.1,4.2,4,4,2,11,9,80,30,127,33,2,1,7,10,16,103,27,114,45
D,1.9,3.39,4.0,3,1,6,10,19,89,49,95,42,3,1,6,15,21,82,44,90,46
D,4.75,4.2,1.61,3,3,4,13,12,70,32,100,45,6,3,1,19,8,137,63,73,41
D,1.61,3.8,5.5,1,3,6,6,15,138,34,93,40,2,1,7,10,16,135,53,147,52
D,2.25,3.5,3.0,3,2,5,16,19,84,32,104,54,5,1,4,20,13,75,37,95,43
D,1.75,3.5,4.75,3,2,5,13,18,78,38,91,44,3,2,5,12,16,74,30,89,43
D,1.9,3.6,3.75,4,3,3,15,9,77,33,107,44,2,3,5,13,19,75,40,83,40
D,2.29,3.29,3.1,3,1,6,10,13,81,36,96,52,3,3,4,13,18,87,51,87,36
D,2.14,3.39,3.29,3,2,5,14,18,87,45,99,57,2,3,5,12,17,93,45,108,54
D,5.0,3.6,1.7,0,6,4,6,12,80,29,131,42,7,3,0,25,8,148,53,114,44
D,1.75,3.5,4.75,3,2,5,14,17,91,46,110,55,3,2,5,12,18,87,44,92,53
D,1.75,3.8,4.33,6,3,1,22,12,140,59,112,39,2,5,3,12,14,142,41,110,39
D,2.54,3.25,2.75,4,2,4,12,13,82,44,74,39,4,1,5,14,13,107,56,57,34
D,5.0,3.6,1.7,3,2,5,10,18,107,36,148,52,4,4,2,16,13,146,46,96,35
D,2.6,3.29,2.62,3,2,5,13,17,83,45,80,39,4,2,4,15,15,74,41,99,46
D,3.3,3.5,2.1,2,3,5,10,19,133,46,126,52,6,2,2,17,12,149,51,137,49
D,1.33,5.25,8.0,7,2,1,21,7,121,48,97,29,4,3,3,9,8,102,35,109,43
D,1.9,3.6,3.79,4,1,5,14,16,74,41,102,48,3,3,4,10,18,76,43,118,66
D,1.83,3.4,4.5,4,2,4,15,12,129,45,130,47,3,2,5,12,18,109,40,115,38
D,2.8,3.2,2.6,2,2,6,11,20,82,32,134,51,6,1,3,16,11,141,55,87,31
D,1.72,3.8,4.5,2,4,4,10,14,137,42,150,54,5,1,4,21,16,169,62,149,49
D,2.45,3.2,2.89,5,2,3,15,15,98,46,74,39,3,3,4,13,11,67,35,97,50
D,1.83,3.4,4.5,5,4,1,12,7,94,30,129,32,5,3,2,19,12,87,35,127,46
D,2.5,3.25,2.79,4,2,4,14,16,76,45,110,43,4,4,2,14,12,95,50,76,33
D,4.0,3.6,1.85,2,2,6,8,14,101,39,90,50,6,3,1,19,9,96,49,73,35
D,1.36,4.75,8.5,7,2,1,18,5,159,54,127,38,7,1,2,20,12,135,51,138,40
D,3.75,3.5,1.95,1,4,5,13,17,122,37,115,41,6,3,1,23,9,140,59,136,46
D,3.2,3.4,2.2,5,1,4,14,17,81,38,136,48,5,2,3,20,11,131,55,117,46
D,1.44,4.75,6.0,7,1,2,16,10,86,49,89,40,5,1,4,14,14,71,47,92,49
D,1.75,3.5,4.75,3,4,3,12,14,134,45,155,51,3,2,5,8,14,83,30,137,40
D,2.1,3.2,3.6,2,4,4,9,12,83,33,130,38,3,1,6,15,19,132,47,119,51
D,4.0,3.29,1.95,2,3,5,10,14,101,44,95,55,8,1,1,25,6,113,68,71,35
D,5.5,4.0,1.57,3,2,5,13,17,75,32,91,44,5,3,2,15,10,117,48,83,43
D,2.75,3.4,2.45,4,3,3,12,14,120,46,133,51,5,2,3,14,12,145,56,95,34
D,3.75,3.4,2.0,2,2,6,8,11,109,34,94,37,6,3,1,10,4,129,45,105,25
D,1.44,4.33,7.0,6,4,0,20,10,101,55,67,31,3,3,4,12,13,79,37,76,36
D,2.0,3.5,3.6,5,2,3,12,15,87,45,101,50,1,3,6,14,21,56,30,98,53
D,3.3,3.25,2.2,3,3,4,11,9,128,48,94,38,4,4,2,20,11,140,48,141,44
D,1.95,3.5,3.79,4,2,4,13,16,86,49,103,54,3,3,4,12,14,89,45,76,34
D,1.5,4.0,7.0,1,5,4,9,16,149,43,143,44,3,3,4,8,10,121,36,100,35
D,1.72,3.5,5.0,0,6,4,6,12,80,28,125,39,4,4,2,14,11,115,47,131,42
D,2.4,3.2,3.0,4,2,4,8,8,89,34,135,38,3,2,5,10,17,103,36,140,47
D,3.2,3.4,2.2,4,4,2,13,10,135,45,83,26,1,6,3,10,14,152,42,136,42
D,2.37,3.2,3.0,3,5,2,11,11,116,43,139,44,3,3,4,11,15,119,47,147,54
D,2.7,3.25,2.6,3,4,3,14,14,80,37,85,38,5,5,0,17,8,99,47,81,43
D,1.4,4.75,7.0,6,3,1,21,8,143,45,106,40,0,6,4,5,11,95,28,126,37
D,2.0,3.3,3.8,3,4,3,10,11,102,31,111,39,3,1,6,9,18,105,36,132,46
D,2.2,3.25,3.29,3,3,4,7,10,75,37,75,40,4,2,4,15,16,90,56,104,47
D,2.14,3.39,3.29,4,4,2,11,9,79,42,79,33,4,2,4,11,16,93,47,98,49
D,1.6,4.2,5.0,6,4,0,19,9,94,44,78,41,4,2,4,12,14,76,46,103,39
D,2.7,3.1,2.7,2,4,4,12,13,90,39,91,37,4,3,3,15,9,103,50,101,59
D,2.37,3.1,3.1,3,5,2,13,11,134,44,78,28,5,3,2,12,8,99,28,119,33
D,1.39,4.75,7.0,5,3,2,17,12,114,49,86,44,4,2,4,17,19,89,44,83,39
D,1.8,3.6,4.33,2,2,6,11,18,104,36,151,51,1,1,8,5,24,103,32,165,58
D,2.0,3.5,3.6,2,3,5,10,17,78,35,136,48,3,2,5,10,21,101,39,103,64
D,1.9,3.6,3.8,3,4,3,13,13,137,43,117,40,5,4,1,13,8,92,32,120,32
D,4.75,3.6,1.75,5,1,4,9,8,93,37,130,35,1,5,4,10,17,150,41,138,43
D,1.53,4.0,6.0,8,0,2,19,9,123,48,84,26,1,5,4,6,11,101,36,90,30
D,2.79,3.39,2.39,5,4,1,17,10,97,46,78,32,7,2,1,21,11,84,48,98,44
D,1.28,5.25,11.0,7,2,1,17,6,141,54,126,40,2,4,4,11,14,109,30,100,36
D,1.95,3.5,3.79,4,3,3,11,11,76,48,106,42,3,2,5,13,16,91,46,116,60
D,1.65,4.0,4.75,4,4,2,19,13,140,46,130,36,7,3,0,19,9,155,52,137,43
D,1.8,3.4,4.75,4,4,2,18,11,96,45,79,38,2,1,7,7,14,82,29,80,32
D,2.89,3.29,2.37,4,2,4,12,13,72,46,95,51,4,3,3,16,12,93,52,63,35
D,4.5,3.5,1.8,4,5,1,10,9,118,38,95,30,7,3,0,20,6,136,54,129,43
D,3.75,3.4,2.0,4,0,6,10,11,104,35,104,37,5,2,3,17,11,136,48,106,40
D,2.3,3.3,3.1,4,3,3,10,9,103,36,118,49,2,4,4,12,19,130,37,108,55
D,1.44,4.2,7.5,4,3,3,13,11,128,40,117,35,1,5,4,11,15,97,31,163,58
D,1.44,4.5,6.5,6,2,2,18,7,110,68,81,36,4,5,1,15,7,90,48,70,26
D,1.44,4.2,8.0,4,2,4,12,8,73,31,72,28,4,3,3,13,13,93,50,97,48
D,2.37,3.25,3.0,3,2,5,8,15,105,34,137,45,3,5,2,13,11,135,44,81,27
D,1.9,3.4,4.1,6,3,1,9,3,119,41,109,25,3,4,3,11,12,133,43,119,37
D,2.25,3.2,3.25,3,5,2,11,7,81,42,79,32,4,2,4,15,14,72,40,92,44
D,1.95,3.75,3.5,5,2,3,22,14,84,41,103,49,5,1,4,20,19,102,58,99,43
D,3.75,3.4,2.0,5,4,1,11,6,112,41,116,32,5,4,1,21,14,134,58,114,39
D,2.0,3.5,3.6,6,2,2,18,12,119,46,145,41,3,1,6,16,19,124,49,112,46
D,2.4,3.5,2.7,4,4,2,17,14,141,46,101,35,8,2,0,28,6,149,60,124,41
D,1.9,3.6,4.0,5,3,2,15,10,78,39,97,43,3,3,4,13,15,84,44,94,53
D,1.9,3.3,4.2,2,2,6,10,18,113,38,130,44,1,4,5,7,12,126,40,112,43
D,2.6,3.4,2.6,4,3,3,12,10,151,40,118,36,4,4,2,17,15,170,59,112,52
D,2.04,3.2,3.75,4,0,6,11,14,111,41,121,41,4,3,3,12,11,141,47,87,27
D,2.5,3.2,2.87,2,0,8,8,16,80,30,87,36,2,0,8,10,25,79,35,91,53
D,2.1,3.5,3.29,5,3,2,18,11,99,46,70,34,7,0,3,28,9,122,62,69,30
D,1.57,4.0,5.5,7,2,1,27,15,123,57,128,51,6,2,2,17,12,133,50,122,39
D,1.4,4.5,7.5,4,2,4,16,14,143,52,113,41,2,5,3,11,13,113,34,110,38
D,5.0,4.0,1.61,2,4,4,11,14,102,45,108,57,5,4,1,21,8,144,74,69,37
D,2.45,3.4,2.8,2,2,6,9,21,125,43,134,55,1,3,6,6,15,133,32,90,42
D,1.7,3.6,5.0,4,3,3,18,12,117,47,120,47,2,6,2,8,8,103,38,90,26
D,2.0,3.2,4.0,6,2,2,20,11,92,35,134,44,3,3,4,9,15,105,36,135,45
D,5.0,3.8,1.64,4,3,3,16,14,106,49,106,49,7,2,1,23,11,138,59,92,40
D,2.75,3.29,2.5,2,2,6,8,14,102,40,98,58,6,2,2,17,13,91,44,82,40
D,2.04,3.1,4.0,2,1,7,10,23,82,35,93,52,4,3,3,13,11,84,33,100,41
D,1.9,3.39,4.0,4,1,5,17,17,83,47,102,54,4,2,4,8,10,78,35,78,41
D,2.37,3.2,3.0,5,1,4,15,14,130,49,112,48,6,3,1,18,7,125,49,99,28
D,2.37,3.2,3.0,6,3,1,18,9,96,46,77,37,6,4,0,19,9,94,49,70,36
D,2.87,3.1,2.54,4,1,5,12,16,81,40,91,46,5,3,2,17,8,93,44,68,29
D,2.0,3.4,3.75,6,1,3,17,12,126,45,95,30,2,3,5,7,13,126,36,123,46
D,1.75,3.5,4.75,5,2,3,18,13,130,45,112,35,3,4,3,11,9,118,38,110,38
A,2.9,3.1,2.5,3,4,3,17,16,122,54,111,49,6,3,1,16,6,129,43,107,28
A,4.75,4.2,1.61,3,2,5,12,13,102,54,59,33,6,1,3,23,7,112,63,65,27
A,1.85,3.4,4.33,6,1,3,23,16,155,58,153,50,5,2,3,13,15,88,41,134,43
A,1.66,3.75,5.0,5,4,1,16,10,94,46,72,31,3,3,4,8,11,77,32,73,36
A,3.5,3.39,2.04,4,2,4,16,17,77,32,90,42,6,2,2,16,13,77,44,91,40
A,2.0,3.5,3.6,2,7,1,8,7,111,41,100,30,5,1,4,21,16,160,58,154,51
A,1.9,3.5,4.0,2,2,6,11,15,110,30,108,42,1,2,7,9,18,121,45,148,50
A,2.14,3.39,3.29,2,4,4,10,16,63,37,111,61,3,3,4,17,17,94,49,102,56
A,4.5,3.75,1.75,5,1,4,12,10,102,38,129,44,3,3,4,15,14,146,51,97,42
A,3.6,3.29,2.04,3,2,5,11,15,75,31,88,41,4,4,2,16,11,98,47,73,35
A,3.39,3.6,2.04,5,3,2,20,11,84,39,107,47,6,3,1,22,11,100,51,75,34
A,1.75,3.6,4.75,3,1,6,16,20,131,46,124,48,3,6,1,10,10,117,39,122,38
A,2.37,3.3,3.0,1,4,5,7,15,128,33,84,42,5,2,3,17,15,157,59,130,56
A,4.5,3.79,1.7,3,5,2,15,12,97,46,83,36,8,0,2,20,6,125,52,80,38
A,3.4,3.4,2.1,1,6,3,6,12,119,30,69,38,7,3,0,27,7,139,60,136,46
A,4.33,3.6,1.8,5,1,4,11,11,97,33,146,45,6,3,1,12,3,119,39,109,27
A,3.8,3.5,1.95,7,1,2,19,9,121,45,159,38,6,3,1,24,16,129,59,108,40
A,1.7,3.8,4.75,2,4,4,11,17,126,47,143,51,3,5,2,12,12,122,46,137,41
A,4.33,4.2,1.66,5,2,3,21,18,100,55,92,42,5,3,2,16,11,108,48,84,39
A,3.4,3.2,2.2,3,2,5,13,14,105,44,128,41,5,1,4,22,16,136,63,119,48
A,2.05,3.3,3.6,4,5,1,12,9,80,31,130,33,4,4,2,10,11,107,40,123,41
A,1.85,3.5,4.2,7,2,1,24,6,110,67,75,35,6,4,0,19,9,104,54,66,28
A,2.87,3.2,2.5,6,0,4,14,10,105,42,110,28,7,3,0,14,3,112,38,110,27
A,4.2,3.75,1.83,3,1,6,9,23,108,35,153,52,2,3,5,9,10,130,45,96,38
A,2.25,3.39,3.1,3,2,5,13,16,80,43,113,59,3,5,2,13,12,78,43,78,34
A,2.5,3.2,2.87,3,2,5,11,17,112,39,115,37,2,6,2,9,9,126,43,106,34
A,3.75,3.39,2.0,3,0,7,11,25,75,27,92,52,2,3,5,12,17,72,35,105,47
A,3.1,3.39,2.25,3,2,5,15,19,88,41,108,49,4,3,3,19,20,89,44,93,43
A,2.5,3.29,2.79,3,3,4,10,13,73,29,81,39,5,2,3,18,16,97,51,99,43
A,1.61,3.75,5.5,4,3,3,17,11,106,54,106,59,4,2,4,14,16,69,41,93,43
A,1.66,4.0,4.75,5,2,3,23,14,176,58,156,49,0,6,4,11,20,116,43,168,59
A,2.4,3.4,2.8,2,1,7,9,15,110,30,116,46,5,2,3,18,14,177,63,122,54
A,2.54,3.25,2.75,5,1,4,21,17,94,47,100,54,5,4,1,16,9,97,46,68,29
A,1.9,3.5,4.0,5,2,3,18,15,93,43,74,33,3,2,5,20,22,102,51,103,50
A,2.04,3.25,3.75,2,2,6,8,14,90,32,101,53,5,3,2,20,11,89,39,101,42
A,2.54,3.2,2.79,2,3,5,13,18,63,31,90,44,4,5,1,15,11,96,47,78,34
A,3.29,3.5,2.1,3,3,4,12,17,89,51,92,37,5,3,2,21,13,91,42,76,36
A,2.37,3.29,2.89,4,2,4,16,15,68,37,95,43,3,5,2,10,8,106,41,89,54
A,1.25,5.25,13.0,6,3,1,17,6,159,54,127,37,1,2,7,6,14,122,34,115,47
A,3.29,3.5,2.1,4,5,1,13,6,103,44,89,53,6,3,1,25,10,152,80,71,41
A,2.1,3.3,3.5,1,2,7,6,14,116,30,113,47,2,3,5,12,14,132,43,139,46
A,8.0,5.0,1.36,1,0,9,4,33,71,30,124,70,4,2,4,14,16,97,45,78,41
A,6.0,4.2,1.44,4,2,4,12,15,103,48,81,38,6,2,2,16,11,83,46,84,38
A,2.6,3.25,2.7,3,5,2,11,11,112,35,106,35,3,5,2,11,10,107,29,114,35
A,2.4,3.2,3.0,4,3,3,12,14,126,49,141,49,5,2,3,14,12,147,52,103,38
A,1.44,4.33,7.0,8,0,2,24,9,122,53,85,36,2,2,6,10,18,87,37,87,47
A,5.75,4.0,1.57,4,2,4,13,15,74,42,91,38,5,3,2,20,9,103,46,75,33
A,1.9,3.4,4.0,3,3,4,8,13,91,28,147,46,2,2,6,6,19,104,34,166,63
A,1.7,3.75,4.75,6,0,4,22,20,114,47,158,63,4,2,4,12,18,104,49,89,46
A,1.36,4.75,8.0,4,3,3,17,13,147,55,97,42,1,5,4,11,17,158,36,121,49
A,2.0,3.29,3.75,2,2,6,7,19,63,27,84,43,4,3,3,18,15,91,46,105,56
A,5.0,3.5,1.72,3,3,4,7,9,84,33,135,37,4,3,3,17,13,148,55,113,39
A,2.04,3.75,3.25,3,0,7,7,16,69,27,89,37,5,1,4,21,18,108,62,104,57
A,3.5,3.39,2.04,4,4,2,13,10,96,49,70,33,5,1,4,19,16,96,55,75,37
A,4.2,3.6,1.83,3,2,5,14,19,82,41,103,48,7,2,1,20,8,99,56,95,43
A,1.9,3.75,3.6,5,2,3,18,17,179,66,122,54,3,4,3,14,10,131,55,99,40
A,5.5,3.8,1.61,2,3,5,7,14,99,28,138,39,6,3,1,17,7,141,53,124,39
A,2.3,3.5,2.9,1,2,7,7,16,113,40,145,48,1,2,7,10,22,119,43,129,51
A,2.29,3.25,3.1,2,4,4,11,13,80,44,84,42,2,5,3,15,14,99,44,83,36
A,2.2,3.2,3.5,3,4,3,9,10,82,28,109,43,4,4,2,19,12,106,47,84,39
A,2.0,3.5,3.6,5,1,4,11,16,98,40,109,44,4,1,5,13,19,78,38,134,55
A,2.6,3.2,2.75,5,5,0,17,8,105,48,83,48,6,2,2,22,8,104,65,80,37
A,2.5,3.2,2.87,5,1,4,16,18,83,41,99,51,3,3,4,19,23,101,43,95,47
A,3.75,3.6,1.9,3,2,5,16,18,131,50,106,46,7,3,0,29,14,128,65,113,39
A,3.75,3.5,1.95,2,1,7,8,22,114,35,121,47,4,3,3,16,14,148,51,113,48
A,3.75,3.39,2.0,1,1,8,3,22,78,31,102,57,1,4,5,7,15,57,24,95,47
A,3.89,3.5,1.9,4,4,2,15,7,78,34,103,43,7,2,1,20,8,110,62,89,42
A,3.1,3.4,2.25,3,1,6,10,11,110,34,107,38,3,5,2,20,12,141,45,138,46
A,2.45,3.39,2.75,4,2,4,12,17,101,45,79,39,4,2,4,17,13,103,54,105,58
A,1.5,4.33,6.0,7,3,0,13,2,108,39,116,29,2,6,2,13,13,150,39,120,41
A,2.1,3.3,3.5,2,1,7,7,17,78,41,104,57,5,3,2,17,12,136,50,141,42
A,4.5,3.75,1.72,3,1,6,14,19,155,47,157,48,5,4,1,22,9,133,55,139,45
A,1.8,3.75,4.2,4,5,1,12,10,120,44,119,41,3,3,4,11,16,106,38,151,54
A,1.85,3.6,4.0,2,2,6,8,12,124,35,126,48,4,2,4,13,18,124,43,169,60
A,2.54,3.39,2.62,3,3,4,12,17,88,41,86,49,4,3,3,11,13,81,38,92,44
A,2.3,3.2,3.1,2,5,3,12,14,113,33,112,42,2,4,4,12,18,133,46,171,61
A,2.45,3.2,2.9,5,2,3,13,10,170,55,109,38,3,5,2,18,13,144,46,121,34
A,2.1,3.25,3.6,3,4,3,9,9,117,36,111,37,4,3,3,16,12,127,45,131,46
A,10.0,6.0,1.25,1,1,8,3,24,78,34,108,62,6,0,4,23,13,112,55,82,38
A,1.75,3.6,4.59,4,6,0,16,6,88,48,72,27,1,1,8,10,21,97,53,89,54
A,2.79,3.39,2.45,1,1,8,9,21,88,46,94,59,4,5,1,13,6,101,43,88,51
A,7.5,4.5,1.39,4,2,4,15,14,77,44,95,45,7,2,1,22,7,135,68,70,37
A,2.1,3.5,3.25,3,2,5,15,16,172,55,151,46,4,3,3,13,11,149,41,120,38
A,2.54,3.25,2.75,2,1,7,12,25,71,39,99,47,5,4,1,16,9,93,42,77,33
A,1.66,3.75,5.0,5,2,3,18,14,160,53,121,42,2,3,5,6,13,90,25,150,44
A,2.1,3.39,3.39,2,2,6,9,15,72,41,83,52,4,2,4,13,16,107,53,77,38
A,1.83,3.5,4.33,2,5,3,10,12,133,37,69,32,3,5,2,13,13,141,48,168,49
A,1.75,3.5,4.75,4,4,2,13,10,137,47,93,29,5,1,4,9,11,93,39,135,36
A,1.95,3.3,4.0,4,2,4,11,18,79,40,100,60,7,0,3,21,15,100,41,130,62
A,2.7,3.2,2.7,1,0,9,8,20,94,41,87,50,5,2,3,19,16,98,54,99,41
A,6.5,3.6,1.57,3,3,4,12,14,90,36,138,43,7,2,1,15,6,130,52,113,35
A,1.33,5.0,9.0,6,3,1,19,10,104,51,67,30,3,3,4,13,13,62,31,88,41
A,3.1,3.3,2.3,3,1,6,11,17,109,34,143,52,6,2,2,15,10,155,55,88,33
A,8.5,4.33,1.39,3,3,4,14,15,70,38,102,45,7,1,2,24,7,109,65,67,32
A,2.89,3.5,2.29,3,1,6,12,24,69,25,91,49,3,2,5,14,15,102,57,59,32
A,4.5,3.5,1.8,3,4,3,15,15,81,33,114,43,6,3,1,17,6,141,56,125,39
A,2.7,3.1,2.7,4,0,6,6,15,95,25,120,46,4,3,3,13,10,126,43,113,40
A,1.2,6.5,13.0,9,0,1,27,9,121,57,90,40,3,2,5,12,17,80,42,87,42
A,2.37,3.4,2.9,2,3,5,8,14,114,36,110,35,5,2,3,16,13,130,44,109,34
A,4.0,3.6,1.85,5,3,2,12,9,80,41,72,37,5,3,2,17,11,102,48,68,33
A,8.5,4.75,1.36,4,3,3,15,13,81,34,105,53,7,1,2,23,8,100,48,76,39
A,3.25,3.25,2.2,3,1,6,9,16,105,36,143,49,3,1,6,9,13,114,41,114,39
A,1.95,3.5,3.75,6,2,2,15,14,93,46,145,44,2,3,5,10,17,115,39,122,41
A,4.0,3.39,1.9,4,3,3,16,13,75,44,97,46,6,2,2,17,9,94,61,90,36
A,2.29,3.2,3.1,2,1,7,11,18,94,44,83,47,2,3,5,15,20,90,38,101,52
A,4.0,3.5,1.9,4,4,2,19,13,93,37,118,44,5,3,2,21,13,131,54,118,41
A,1.85,3.5,4.33,2,1,7,10,17,123,48,162,52,3,1,6,12,24,121,41,155,58
A,2.1,3.4,3.4,3,5,2,12,10,81,34,133,39,6,2,2,18,10,127,49,166,43
A,6.0,4.5,1.5,1,1,8,5,31,69,31,120,65,2,4,4,12,18,96,44,92,43
A,2.3,3.2,3.2,2,2,6,10,16,102,43,96,43,4,3,3,15,13,109,49,93,40
A,3.5,3.6,2.0,3,3,4,11,16,93,36,128,42,3,3,4,15,15,139,51,113,41
A,4.0,3.5,1.9,1,5,4,10,14,100,33,147,54,6,3,1,13,4,114,39,117,28
A,15.0,6.5,1.18,0,0,10,4,35,75,29,126,72,3,3,4,12,9,74,32,83,36
A,2.0,3.6,3.5,3,4,3,15,14,84,42,97,53,3,2,5,13,19,102,50,90,51
A,4.5,3.4,1.83,2,0,8,7,20,83,38,106,56,4,2,4,13,12,165,51,114,38
A,1.44,4.33,7.0,4,2,4,21,17,175,61,155,45,1,1,8,5,22,101,26,124,50
A,1.9,3.39,4.0,2,4,4,10,15,90,45,109,60,4,4,2,11,9,79,42,74,39
A,2.6,3.4,2.6,1,5,4,13,15,123,39,125,42,4,3,3,18,17,155,61,129,60
A,1.6,4.0,5.25,5,1,4,19,15,125,64,117,50,3,3,4,11,8,100,42,82,23
A,2.75,3.25,2.55,5,4,1,18,12,160,53,113,48,6,3,1,10,4,127,45,107,29
A,1.95,3.3,4.0,3,4,3,13,13,96,54,91,38,2,3,5,10,16,82,38,93,43
A,6.5,4.5,1.44,3,2,5,11,20,96,51,106,53,4,4,2,17,9,135,55,75,43
A,1.39,4.5,8.0,5,1,4,19,14,101,57,106,59,4,2,4,15,16,87,36,112,58
A,3.39,3.25,2.14,1,1,8,4,16,92,37,83,46,2,4,4,13,16,74,40,78,36
A,8.5,4.75,1.36,3,4,3,13,14,96,54,100,46,8,1,1,22,6,111,61,68,30
A,2.29,3.29,3.1,3,1,6,13,16,83,43,95,62,1,4,5,10,15,107,46,98,57
